SA2_CODE_2021,SA2_NAME_2021,High,Medium,Low,Very Low,High_Med_Exposed,Total_Exposed
305031128,Newstead - Bowen Hills,3377.0,2917.0,3170.0,1405.0,6294.0,10869.0
301031021,Wynnum West - Hemmant,4896.0,1239.0,1398.0,772.0,6135.0,8305.0
302031039,Nudgee - Banyo,4782.0,261.0,419.0,248.0,5043.0,5710.0
305011112,West End,544.0,4458.0,2659.0,1720.0,5002.0,9381.0
302031035,Boondall,4228.0,431.0,407.0,363.0,4659.0,5429.0
303051076,Rocklea - Acacia Ridge,2330.0,2289.0,1174.0,479.0,4619.0,6272.0
302011022,Bald Hills,4441.0,162.0,70.0,93.0,4603.0,4766.0
301031018,Tingalpa,3721.0,391.0,261.0,330.0,4112.0,4703.0
304031092,Chelmer - Graceville,186.0,3814.0,1603.0,1277.0,4000.0,6880.0
305011110,South Brisbane,262.0,3730.0,3191.0,1197.0,3992.0,8380.0
304031094,Indooroopilly,1368.0,2624.0,1448.0,904.0,3992.0,6344.0
304031096,St Lucia,125.0,3467.0,1444.0,1094.0,3592.0,6130.0
302041042,Brighton (Qld),2884.0,583.0,492.0,370.0,3467.0,4329.0
310011275,Oxley (Qld),2058.0,1154.0,1012.0,656.0,3212.0,4880.0
304021086,Bellbowrie - Moggill,1535.0,1674.0,1589.0,773.0,3209.0,5571.0
302041045,Taigum - Fitzgibbon,2635.0,488.0,816.0,1006.0,3123.0,4945.0
303051074,Pallara - Willawong,2343.0,547.0,888.0,819.0,2890.0,4597.0
305031130,Windsor,2427.0,435.0,420.0,323.0,2862.0,3605.0
303011051,Carindale,2458.0,297.0,189.0,147.0,2755.0,3091.0
304011081,Jindalee - Mount Ommaney,725.0,1718.0,931.0,710.0,2443.0,4084.0
302041044,Sandgate - Shorncliffe,1783.0,621.0,273.0,205.0,2404.0,2882.0
303011048,Cannon Hill,2165.0,111.0,75.0,145.0,2276.0,2496.0
305011109,New Farm,568.0,1706.0,2228.0,1354.0,2274.0,5856.0
305011105,Brisbane City,889.0,1343.0,2033.0,1370.0,2232.0,5635.0
302031038,Northgate - Virginia,1693.0,511.0,561.0,206.0,2204.0,2971.0
303011049,Carina,1758.0,397.0,331.0,259.0,2155.0,2745.0
305021117,Morningside - Seven Hills,1661.0,430.0,719.0,1287.0,2091.0,4097.0
301031020,Wynnum,1485.0,605.0,386.0,123.0,2090.0,2599.0
303021053,Coorparoo,1767.0,314.0,1635.0,1044.0,2081.0,4760.0
304011084,Seventeen Mile Rocks - Sinnamon Park,437.0,1582.0,1468.0,745.0,2019.0,4232.0
305041135,Paddington - Milton,262.0,1746.0,1456.0,1118.0,2008.0,4582.0
305021114,Bulimba,592.0,1391.0,2345.0,655.0,1983.0,4983.0
303041067,Coopers Plains,1280.0,682.0,643.0,387.0,1962.0,2992.0
303021054,Fairfield - Dutton Park,77.0,1864.0,577.0,331.0,1941.0,2849.0
304031095,Sherwood,479.0,1419.0,1101.0,657.0,1898.0,3656.0
302031040,Nundah,1590.0,301.0,576.0,394.0,1891.0,2861.0
305041132,Ashgrove,1392.0,484.0,392.0,294.0,1876.0,2562.0
301031019,Wakerley,1750.0,103.0,152.0,150.0,1853.0,2155.0
303031066,Wishart,1524.0,308.0,174.0,146.0,1832.0,2152.0
304021090,Kenmore,992.0,804.0,609.0,517.0,1796.0,2922.0
310011272,Durack,1578.0,208.0,597.0,778.0,1786.0,3161.0
305031119,Albion,1435.0,333.0,318.0,246.0,1768.0,2332.0
310011276,Wacol,578.0,1171.0,1061.0,608.0,1749.0,3418.0
304031093,Corinda,1029.0,711.0,553.0,450.0,1740.0,2743.0
303031060,Eight Mile Plains,1398.0,292.0,205.0,165.0,1690.0,2060.0
301031015,Manly - Lota,1297.0,371.0,298.0,180.0,1668.0,2146.0
305021115,East Brisbane,1345.0,316.0,434.0,568.0,1661.0,2663.0
303031062,Mansfield (Qld),1444.0,120.0,112.0,128.0,1564.0,1804.0
303021055,Greenslopes,1356.0,200.0,419.0,686.0,1556.0,2661.0
302041041,Bracken Ridge,1265.0,280.0,344.0,398.0,1545.0,2287.0
304021089,Fig Tree Pocket,490.0,1000.0,599.0,637.0,1490.0,2726.0
302021027,Aspley,902.0,567.0,612.0,335.0,1469.0,2416.0
305031126,Kelvin Grove - Herston,1125.0,316.0,255.0,244.0,1441.0,1940.0
301011002,Belmont - Gumdale,1277.0,150.0,137.0,129.0,1427.0,1693.0
304011083,Riverhills,528.0,834.0,770.0,548.0,1362.0,2680.0
310011563,Doolandella,1270.0,55.0,55.0,140.0,1325.0,1520.0
304011085,Westlake,209.0,1086.0,921.0,569.0,1295.0,2785.0
302011024,Carseldine,714.0,567.0,508.0,230.0,1281.0,2019.0
304031097,Taringa,508.0,702.0,501.0,398.0,1210.0,2109.0
301031017,Murarrie,1024.0,183.0,320.0,173.0,1207.0,1700.0
305021118,Norman Park,731.0,441.0,786.0,524.0,1172.0,2482.0
303061078,Runcorn,1015.0,125.0,94.0,86.0,1140.0,1320.0
305031131,Wooloowin - Lutwyche,863.0,244.0,261.0,280.0,1107.0,1648.0
305031122,Clayfield,1030.0,74.0,108.0,67.0,1104.0,1279.0
305041133,Auchenflower,233.0,804.0,879.0,656.0,1037.0,2572.0
304041103,The Gap,573.0,436.0,252.0,159.0,1009.0,1420.0
302011023,Bridgeman Downs,903.0,75.0,111.0,97.0,978.0,1186.0
302041043,Deagon,753.0,211.0,361.0,289.0,964.0,1614.0
305031129,Wilston,734.0,228.0,122.0,178.0,962.0,1262.0
302021031,Kedron - Gordon Park,818.0,130.0,342.0,407.0,948.0,1697.0
305041137,Toowong,337.0,594.0,797.0,844.0,931.0,2572.0
305011108,Kangaroo Point,440.0,469.0,1182.0,743.0,909.0,2834.0
302041046,Zillmere,699.0,199.0,153.0,74.0,898.0,1125.0
302021028,Chermside,689.0,201.0,170.0,92.0,890.0,1152.0
310011564,Forest Lake - Ellen Grove,774.0,115.0,121.0,112.0,889.0,1122.0
310011271,Darra - Sumner,307.0,556.0,253.0,208.0,863.0,1324.0
303061079,Sunnybank,672.0,144.0,166.0,44.0,816.0,1026.0
302011025,Everton Park,513.0,276.0,327.0,235.0,789.0,1351.0
305041134,Bardon,541.0,244.0,94.0,100.0,785.0,979.0
304021088,Chapel Hill,660.0,86.0,234.0,246.0,746.0,1226.0
305031127,Newmarket,513.0,213.0,198.0,237.0,726.0,1161.0
305011106,Fortitude Valley,203.0,499.0,1726.0,1049.0,702.0,3477.0
305031125,Hendra,559.0,135.0,225.0,217.0,694.0,1136.0
303021058,Woolloongabba,567.0,127.0,435.0,873.0,694.0,2002.0
310031290,Karana Downs,359.0,333.0,415.0,217.0,692.0,1324.0
301031016,Manly West,550.0,118.0,165.0,34.0,668.0,867.0
304041100,Keperra,551.0,66.0,108.0,47.0,617.0,772.0
304021091,Pinjarra Hills - Pullenvale,378.0,233.0,229.0,183.0,611.0,1023.0
302021030,Geebung,440.0,155.0,268.0,196.0,595.0,1059.0
304041101,Mitchelton,368.0,205.0,283.0,182.0,573.0,1038.0
303051073,Calamvale - Stretton,434.0,112.0,34.0,6.0,546.0,586.0
305041136,Red Hill (Qld),407.0,134.0,119.0,168.0,541.0,828.0
310011274,Inala - Richlands,482.0,58.0,194.0,399.0,540.0,1133.0
302031037,Eagle Farm - Pinkenba,312.0,210.0,306.0,494.0,522.0,1322.0
302021029,Chermside West,410.0,75.0,113.0,51.0,485.0,649.0
304011082,Middle Park - Jamboree Heights,3.0,470.0,614.0,594.0,473.0,1681.0
304041104,Upper Kedron - Ferny Grove,436.0,29.0,43.0,49.0,465.0,557.0
303041068,Moorooka,185.0,275.0,709.0,545.0,460.0,1714.0
302011026,McDowall,435.0,20.0,24.0,16.0,455.0,495.0
305031124,Hamilton (Qld),167.0,247.0,323.0,561.0,414.0,1298.0
305021116,Hawthorne,129.0,283.0,659.0,998.0,412.0,2069.0
305031120,Alderley,283.0,121.0,115.0,80.0,404.0,599.0
302021032,Stafford,339.0,52.0,118.0,237.0,391.0,746.0
303051072,Algester,286.0,91.0,121.0,123.0,377.0,621.0
303031061,Macgregor (Qld),240.0,101.0,63.0,52.0,341.0,456.0
305031123,Grange,306.0,29.0,87.0,130.0,335.0,552.0
303011050,Carina Heights,261.0,54.0,23.0,20.0,315.0,358.0
303061080,Sunnybank Hills,238.0,70.0,107.0,24.0,308.0,439.0
303021057,Holland Park West,255.0,46.0,46.0,96.0,301.0,443.0
302021034,Wavell Heights,206.0,82.0,182.0,95.0,288.0,565.0
304041098,Enoggera,167.0,91.0,148.0,85.0,258.0,491.0
303031065,Upper Mount Gravatt,178.0,54.0,47.0,51.0,232.0,330.0
304021087,Brookfield - Kenmore Hills,178.0,51.0,52.0,83.0,229.0,364.0
305021113,Balmoral,115.0,87.0,206.0,324.0,202.0,732.0
303061077,Kuraby,147.0,35.0,10.0,12.0,182.0,204.0
303021052,Annerley,170.0,10.0,73.0,251.0,180.0,504.0
303051075,Parkinson - Drewvale,144.0,20.0,17.0,2.0,164.0,183.0
310031288,Ipswich - North,85.0,70.0,86.0,46.0,155.0,287.0
303031063,Mount Gravatt,109.0,34.0,41.0,23.0,143.0,207.0
305011107,Highgate Hill,31.0,109.0,86.0,116.0,140.0,342.0
303041070,Salisbury - Nathan,97.0,36.0,210.0,158.0,133.0,501.0
302021033,Stafford Heights,80.0,24.0,26.0,10.0,104.0,140.0
303031064,Rochedale - Burbank,86.0,13.0,13.0,15.0,99.0,127.0
303021056,Holland Park,83.0,14.0,21.0,16.0,97.0,134.0
302031036,Brisbane Airport,67.0,17.0,15.0,9.0,84.0,108.0
303041071,Tarragindi,54.0,8.0,11.0,28.0,62.0,101.0
305031121,Ascot,31.0,14.0,35.0,18.0,45.0,98.0
314011382,Albany Creek,10.0,0.0,0.0,0.0,10.0,10.0
310031289,Karalee - Barellan Point,9.0,0.0,0.0,0.0,9.0,9.0
301011003,Birkdale,6.0,0.0,0.0,0.0,6.0,6.0
310041299,Collingwood Park - Redbank,6.0,0.0,0.0,0.0,6.0,6.0
301011005,Thorneside,5.0,0.0,0.0,0.0,5.0,5.0
301011004,Capalaba,5.0,0.0,0.0,0.0,5.0,5.0
314031394,Strathpine - Brendale,5.0,0.0,0.0,0.0,5.0,5.0
314011386,The Hills District,4.0,0.0,0.0,0.0,4.0,4.0
314021389,Murrumba Downs - Griffin,1.0,0.0,0.0,0.0,1.0,1.0
310041300,Goodna,1.0,0.0,0.0,0.0,1.0,1.0
310031295,Riverview,1.0,0.0,0.0,0.0,1.0,1.0
303011047,Camp Hill,0.0,0.0,45.0,76.0,0.0,121.0
304041102,Mount Coot-tha,0.0,0.0,0.0,0.0,0.0,0.0
304041099,Enoggera Reservoir,0.0,0.0,0.0,0.0,0.0,0.0
310021281,Lowood,0.0,0.0,0.0,0.0,0.0,0.0
310021279,Lake Manchester - England Creek,0.0,0.0,0.0,0.0,0.0,0.0
310041298,Carole Park,0.0,0.0,0.0,0.0,0.0,0.0
310041297,Camira - Gailes,0.0,0.0,0.0,2.0,0.0,2.0
311031315,Greenbank Military Camp,0.0,0.0,0.0,0.0,0.0,0.0
314031392,Lawnton,0.0,0.0,0.0,0.0,0.0,0.0
