Suburb,SA2_Code,latitude,longitude,Population,Dwellings,Pop_High_Risk,Pop_Medium_Risk,Pop_Low_Risk,Pop_VeryLow_Risk,Pop_High_Med_Exposed,Pop_Total_Exposed,dwel_total_exposed,dwel_high_med_exposed
Alexandra Hills,301011001,-27.53248354256474,153.22915132442512,16574,5881,0,0,0,0,0,0,0,0
Belmont - Gumdale,301011002,-27.50707938233107,153.15865920892966,7550,2399,1277,150,137,129,1427,1693,538,453
Birkdale,301011003,-27.499695395262474,153.2107447680882,15230,5465,6,0,0,0,6,6,2,2
Capalaba,301011004,-27.543066601192187,153.20295004155471,18254,6828,5,0,0,0,5,5,2,2
Thorneside,301011005,-27.4844336954537,153.20071226813997,3877,1620,5,0,0,0,5,5,2,2
Wellington Point,301011006,-27.494766747680742,153.24147264720648,11893,4174,0,0,0,0,0,0,0,0
Cleveland,301021007,-27.53293550403739,153.267483790099,15851,6589,0,0,0,0,0,0,0,0
Ormiston,301021008,-27.51009429485826,153.2551256939481,6379,2390,0,0,0,0,0,0,0,0
Redland Bay,301021009,-27.64786895522368,153.29082289872434,17765,6022,0,0,0,0,0,0,0,0
Sheldon - Mount Cotton,301021011,-27.607665160527443,153.21689898320415,8357,2607,0,0,0,0,0,0,0,0
Thornlands,301021012,-27.567664091678832,153.26089660399276,19263,6408,0,0,0,0,0,0,0,0
Victoria Point,301021013,-27.587064985964485,153.28689358094977,15140,5802,0,0,0,0,0,0,0,0
North Stradbroke Island,301021550,-27.545448495290103,153.45258098831638,2156,842,0,0,0,0,0,0,0,0
Manly - Lota,301031015,-27.46239016495684,153.18557935840337,7890,3016,1297,371,298,180,1668,2146,820,638
Manly West,301031016,-27.46747513008431,153.16595595748285,11860,4303,550,118,165,34,668,867,315,242
Murarrie,301031017,-27.453962853671595,153.10822375480925,4775,1769,1024,183,320,173,1207,1700,630,447
Tingalpa,301031018,-27.473579628568057,153.12705183683934,8881,3352,3721,391,261,330,4112,4703,1775,1552
Wakerley,301031019,-27.4827597629837,153.15686638727024,9446,2994,1750,103,152,150,1853,2155,683,587
Wynnum,301031020,-27.44038591072965,153.16711758219242,14502,5673,1485,605,386,123,2090,2599,1017,818
Wynnum West - Hemmant,301031021,-27.44971465841697,153.14098786836624,15681,5783,4896,1239,1398,772,6135,8305,3063,2262
Bald Hills,302011022,-27.30749556620436,153.01973882866974,7826,2704,4441,162,70,93,4603,4766,1647,1591
Bridgeman Downs,302011023,-27.35206407560144,152.99436084037157,10501,3458,903,75,111,97,978,1186,391,322
Carseldine,302011024,-27.347409029150334,153.0154656758517,9844,3593,714,567,508,230,1281,2019,737,467
Everton Park,302011025,-27.400760917359943,152.98737863463035,10044,4109,513,276,327,235,789,1351,553,323
McDowall,302011026,-27.382415002100892,152.99176230160424,7918,2744,435,20,24,16,455,495,172,158
Aspley,302021027,-27.366848487618903,153.01849568667657,12912,5072,902,567,612,335,1469,2416,949,577
Chermside,302021028,-27.38541149042989,153.03205404055785,11426,5393,689,201,170,92,890,1152,544,420
Chermside West,302021029,-27.383155795473147,153.0123958627816,6611,2390,410,75,113,51,485,649,235,176
Geebung,302021030,-27.37257148976468,153.04728473132397,4541,1622,440,155,268,196,595,1059,378,212
Kedron - Gordon Park,302021031,-27.406120951325207,153.03046763121716,14432,5864,818,130,342,407,948,1697,689,385
Stafford,302021032,-27.40949589718041,153.01025105142077,6917,2893,339,52,118,237,391,746,312,164
Stafford Heights,302021033,-27.396859972272235,153.0091717836652,7153,2608,80,24,26,10,104,140,51,38
Wavell Heights,302021034,-27.39221876948411,153.04754000592018,10344,3717,206,82,182,95,288,565,203,103
Boondall,302031035,-27.34879391650505,153.06971781894055,9596,3515,4228,431,407,363,4659,5429,1989,1707
Brisbane Airport,302031036,-27.39254196441923,153.1178131659942,125,5,67,17,15,9,84,108,4,3
Eagle Farm - Pinkenba,302031037,-27.43485246181235,153.09661325893163,2076,1058,312,210,306,494,522,1322,674,266
Northgate - Virginia,302031038,-27.38383981213341,153.06772237024467,7068,2715,1693,511,561,206,2204,2971,1141,846
Nudgee - Banyo,302031039,-27.3671266303642,153.0895383866846,10789,3848,4782,261,419,248,5043,5710,2036,1798
Nundah,302031040,-27.402479879959294,153.06205705636708,13305,6365,1590,301,576,394,1891,2861,1369,905
Bracken Ridge,302041041,-27.320067972462795,153.03423239594275,17488,6061,1265,280,344,398,1545,2287,793,535
Brighton (Qld),302041042,-27.296476788364703,153.0553309024304,9664,3675,2884,583,492,370,3467,4329,1647,1319
Deagon,302041043,-27.32779764716813,153.05957340160222,3773,1532,753,211,361,289,964,1614,655,391
Sandgate - Shorncliffe,302041044,-27.320458726412035,153.0684165118858,6826,2572,1783,621,273,205,2404,2882,1086,906
Taigum - Fitzgibbon,302041045,-27.340602011178344,153.03882559515938,14097,5583,2635,488,816,1006,3123,4945,1959,1237
Zillmere,302041046,-27.358409060472116,153.0389141221901,9323,3874,699,199,153,74,898,1125,468,373
Camp Hill,303011047,-27.49629146405198,153.07800895114153,12145,4272,0,0,45,76,0,121,42,0
Cannon Hill,303011048,-27.47236173131706,153.0947573744005,6930,2677,2165,111,75,145,2276,2496,964,879
Carina,303011049,-27.487545802897547,153.09882036549132,11826,4723,1758,397,331,259,2155,2745,1096,861
Carina Heights,303011050,-27.507197608507024,153.09126776134698,6884,2801,261,54,23,20,315,358,145,128
Carindale,303011051,-27.51057432726712,153.11323763263218,16504,5721,2458,297,189,147,2755,3091,1072,955
Annerley,303021052,-27.51226464839242,153.03248484675478,11935,5105,170,10,73,251,180,504,215,77
Coorparoo,303021053,-27.49878596262809,153.06146142263805,17810,7532,1767,314,1635,1044,2081,4760,2014,880
Fairfield - Dutton Park,303021054,-27.502144321130142,153.02461039465365,5008,2003,77,1864,577,331,1941,2849,1139,776
Greenslopes,303021055,-27.50705048632569,153.04774307749375,10524,4677,1356,200,419,686,1556,2661,1183,692
Holland Park,303021056,-27.518477568213896,153.07011441307836,8895,3164,83,14,21,16,97,134,48,35
Holland Park West,303021057,-27.526241222188972,153.0604726268478,6419,2471,255,46,46,96,301,443,170,116
Woolloongabba,303021058,-27.4930802026374,153.03659819258965,8597,3395,567,127,435,873,694,2002,790,274
Eight Mile Plains,303031060,-27.57928346561988,153.09208988998603,15186,5110,1398,292,205,165,1690,2060,693,569
Macgregor (Qld),303031061,-27.565302278895945,153.0730284749089,5979,1911,240,101,63,52,341,456,146,109
Mansfield (Qld),303031062,-27.53479868093696,153.10514335357703,8880,2946,1444,120,112,128,1564,1804,598,519
Mount Gravatt,303031063,-27.53358600043544,153.0805164641272,15873,6027,109,34,41,23,143,207,79,54
Rochedale - Burbank,303031064,-27.563674018011707,153.14636794360834,11020,3352,86,13,13,15,99,127,39,30
Upper Mount Gravatt,303031065,-27.55343041949285,153.0814454984169,10988,4123,178,54,47,51,232,330,124,87
Wishart,303031066,-27.55446371586731,153.1010788486833,11444,3781,1524,308,174,146,1832,2152,711,605
Coopers Plains,303041067,-27.56566209416115,153.036521498234,5704,2085,1280,682,643,387,1962,2992,1093,717
Moorooka,303041068,-27.5343359084494,153.02459045044404,10825,4458,185,275,709,545,460,1714,706,190
Robertson,303041069,-27.56535939849037,153.05741374772472,4870,1627,0,0,0,0,0,0,0,0
Salisbury - Nathan,303041070,-27.54887310961697,153.04420661647134,7562,2645,97,36,210,158,133,501,175,47
Tarragindi,303041071,-27.5270692227798,153.04559225787452,10944,3707,54,8,11,28,62,101,34,21
Algester,303051072,-27.61272717635053,153.0324184646732,9020,3051,286,91,121,123,377,621,210,127
Calamvale - Stretton,303051073,-27.628262304627167,153.06733516403972,22845,7245,434,112,34,6,546,586,186,173
Pallara - Willawong,303051074,-27.621379566764137,153.00333479803504,10220,3100,2343,547,888,819,2890,4597,1394,877
Parkinson - Drewvale,303051075,-27.644489129827416,153.0387672982969,16095,4828,144,20,17,2,164,183,55,49
Rocklea - Acacia Ridge,303051076,-27.567824173519625,153.0122755977115,9711,3491,2330,2289,1174,479,4619,6272,2255,1661
Kuraby,303061077,-27.60682867937955,153.09375169413278,9025,2676,147,35,10,12,182,204,61,54
Runcorn,303061078,-27.598170262876657,153.07678918159675,14046,4733,1015,125,94,86,1140,1320,445,384
Sunnybank,303061079,-27.57839612129884,153.05951749777557,9033,2910,672,144,166,44,816,1026,331,263
Sunnybank Hills,303061080,-27.59594902423,153.0521441676194,18085,5724,238,70,107,24,308,439,139,97
Jindalee - Mount Ommaney,304011081,-27.5400219299865,152.93502336122722,7645,2653,725,1718,931,710,2443,4084,1417,848
Middle Park - Jamboree Heights,304011082,-27.556086900349595,152.9273200758423,7086,2508,3,470,614,594,473,1681,595,167
Riverhills,304011083,-27.56185771857906,152.9094183916333,4121,1519,528,834,770,548,1362,2680,988,502
Seventeen Mile Rocks - Sinnamon Park,304011084,-27.54579536208641,152.95206464495234,9716,3296,437,1582,1468,745,2019,4232,1436,685
Westlake,304011085,-27.54861015335105,152.91276495731665,4444,1473,209,1086,921,569,1295,2785,923,429
Bellbowrie - Moggill,304021086,-27.573015345120552,152.8792487019164,10528,3525,1535,1674,1589,773,3209,5571,1865,1075
Brookfield - Kenmore Hills,304021087,-27.476968887424047,152.87536264198326,7020,2215,178,51,52,83,229,364,115,72
Chapel Hill,304021088,-27.49887331108663,152.94838554354098,10731,3604,660,86,234,246,746,1226,412,251
Fig Tree Pocket,304021089,-27.52782647423301,152.96190702934925,4345,1351,490,1000,599,637,1490,2726,848,463
Kenmore,304021090,-27.516821038090537,152.93763821839624,9438,3293,992,804,609,517,1796,2922,1020,627
Pinjarra Hills - Pullenvale,304021091,-27.525310003176717,152.87854137801142,5673,1722,378,233,229,183,611,1023,311,185
Chelmer - Graceville,304031092,-27.517762769053604,152.97881641443132,7849,2564,186,3814,1603,1277,4000,6880,2248,1307
Corinda,304031093,-27.543243420771585,152.98375113923,5321,1983,1029,711,553,450,1740,2743,1022,649
Indooroopilly,304031094,-27.5063328452904,152.9798721197841,13430,5092,1368,2624,1448,904,3992,6344,2406,1514
Sherwood,304031095,-27.530518712318635,152.9811738349228,6452,2631,479,1419,1101,657,1898,3656,1491,774
St Lucia,304031096,-27.49805172509535,153.004928145845,12220,3936,125,3467,1444,1094,3592,6130,1974,1157
Taringa,304031097,-27.493484098963723,152.9819587470757,9020,3908,508,702,501,398,1210,2109,913,524
Enoggera,304041098,-27.427152327752875,152.97480361740674,9042,3512,167,91,148,85,258,491,191,100
Enoggera Reservoir,304041099,-27.433450923462345,152.87053011806654,33,13,0,0,0,0,0,0,0,0
Keperra,304041100,-27.41375767012057,152.95221366637813,7416,2876,551,66,108,47,617,772,299,239
Mitchelton,304041101,-27.41209455833227,152.9704400576234,8909,3316,368,205,283,182,573,1038,387,213
Mount Coot-tha,304041102,-27.47489125830984,152.94853987981233,0,0,0,0,0,0,0,0,0,0
The Gap,304041103,-27.4458905086803,152.94125495075124,17099,5840,573,436,252,159,1009,1420,485,345
Upper Kedron - Ferny Grove,304041104,-27.41433437049457,152.9205827970933,11681,3810,436,29,43,49,465,557,181,151
Brisbane City,305011105,-27.46831305902225,153.02307895730772,13310,5832,889,1343,2033,1370,2232,5635,2469,978
Fortitude Valley,305011106,-27.456323880837317,153.03532913420128,9512,5107,203,499,1726,1049,702,3477,1867,377
Highgate Hill,305011107,-27.487524323134444,153.01749110796504,6372,2541,31,109,86,116,140,342,137,56
Kangaroo Point,305011108,-27.476653657792088,153.03674153647913,9761,4709,440,469,1182,743,909,2834,1367,438
New Farm,305011109,-27.46641358342865,153.0456533855318,12454,5808,568,1706,2228,1354,2274,5856,2731,1061
South Brisbane,305011110,-27.479063146782185,153.0198935706729,14243,5798,262,3730,3191,1197,3992,8380,3411,1625
Spring Hill,305011111,-27.45944894884302,153.02461254252782,6860,2860,0,0,0,0,0,0,0,0
West End,305011112,-27.48338548607278,153.0058749004876,14953,6521,544,4458,2659,1720,5002,9381,4091,2181
Balmoral,305021113,-27.456136493890455,153.0675593803634,4554,1722,115,87,206,324,202,732,277,76
Bulimba,305021114,-27.448550880711966,153.05928514551672,7407,2880,592,1391,2345,655,1983,4983,1938,771
East Brisbane,305021115,-27.48390382339683,153.04685018893667,6118,2566,1345,316,434,568,1661,2663,1117,697
Hawthorne,305021116,-27.46395221402689,153.05923675817448,5133,1915,129,283,659,998,412,2069,772,154
Morningside - Seven Hills,305021117,-27.46650614904316,153.0764134281551,14308,5656,1661,430,719,1287,2091,4097,1620,827
Norman Park,305021118,-27.48013566932805,153.06297176041127,6857,2522,731,441,786,524,1172,2482,913,431
Albion,305031119,-27.43254301847821,153.04447489101244,4305,1952,1435,333,318,246,1768,2332,1057,801
Alderley,305031120,-27.42561267389635,153.00100568527094,6593,2609,283,121,115,80,404,599,237,160
Ascot,305031121,-27.429842694443533,153.06613220402832,5769,2425,31,14,35,18,45,98,41,19
Clayfield,305031122,-27.419136586597062,153.05444592527067,10754,4693,1030,74,108,67,1104,1279,558,482
Grange,305031123,-27.422576492918672,153.0152749102484,4627,1590,306,29,87,130,335,552,190,115
Hamilton (Qld),305031124,-27.436576024861044,153.0618313441744,6768,3066,167,247,323,561,414,1298,588,188
Hendra,305031125,-27.417734827980038,153.0702607383053,4949,1773,559,135,225,217,694,1136,407,249
Kelvin Grove - Herston,305031126,-27.448856043081697,153.0169058977607,10165,3953,1125,316,255,244,1441,1940,754,560
Newmarket,305031127,-27.43528118915984,153.00781701069292,5083,1917,513,213,198,237,726,1161,438,274
Newstead - Bowen Hills,305031128,-27.447911534248213,153.04067085545557,18016,9445,3377,2917,3170,1405,6294,10869,5698,3300
Wilston,305031129,-27.43473445852406,153.0186331706104,4031,1449,734,228,122,178,962,1262,454,346
Windsor,305031130,-27.434201151834596,153.03016497542842,7978,3341,2427,435,420,323,2862,3605,1509,1198
Wooloowin - Lutwyche,305031131,-27.417089920392225,153.04065460361343,11025,4596,863,244,261,280,1107,1648,687,462
Ashgrove,305041132,-27.444258845315986,152.98191523311633,13716,4729,1392,484,392,294,1876,2562,883,647
Auchenflower,305041133,-27.473827709856348,152.99512188786343,5670,2378,233,804,879,656,1037,2572,1079,435
Bardon,305041134,-27.460976982817787,152.97924114199813,10343,3503,541,244,94,100,785,979,332,266
Paddington - Milton,305041135,-27.463021804771397,152.99974153850272,12197,5011,262,1746,1456,1118,2008,4582,1883,825
Red Hill (Qld),305041136,-27.4524549801455,153.00207549452546,5975,2344,407,134,119,168,541,828,325,212
Toowong,305041137,-27.48145479928905,152.98403843524432,12428,5320,337,594,797,844,931,2572,1101,399
Darra - Sumner,310011271,-27.567591475731096,152.9479982685525,4699,1650,307,556,253,208,863,1324,465,303
Durack,310011272,-27.58907703100512,152.98559078903315,8254,2975,1578,208,597,778,1786,3161,1139,644
Inala - Richlands,310011274,-27.591756859672923,152.9629022911599,19891,6368,482,58,194,399,540,1133,363,173
Oxley (Qld),310011275,-27.561614755734016,152.97588265374424,8578,3027,2058,1154,1012,656,3212,4880,1722,1134
Wacol,310011276,-27.588604690544283,152.92197084564611,6220,873,578,1171,1061,608,1749,3418,480,245
Doolandella,310011563,-27.61323232954601,152.98409919610228,8598,2669,1270,55,55,140,1325,1520,472,411
Forest Lake - Ellen Grove,310011564,-27.619735734506342,152.95897919969724,22478,7703,774,115,121,112,889,1122,384,305
Boonah,310021277,-27.99422007171879,152.61252309155532,12617,4592,0,0,0,0,0,0,0,0
Esk,310021278,-27.206909705392647,152.43828451544377,5052,2102,0,0,0,0,0,0,0,0
Lake Manchester - England Creek,310021279,-27.414268854833704,152.76391089320336,0,0,0,0,0,0,0,0,0,0
Lockyer Valley - East,310021280,-27.643355388926533,152.37941200389935,21208,7381,0,0,0,0,0,0,0,0
Lowood,310021281,-27.44148053412509,152.57697223019403,14197,4917,0,0,0,0,0,0,0,0
Rosewood,310021282,-27.681558177078013,152.5792347897905,14217,4429,0,0,0,0,0,0,0,0
Brassall,310031283,-27.590098047366062,152.73636045762925,12115,4518,0,0,0,0,0,0,0,0
Bundamba,310031284,-27.60746702643885,152.8112538211006,9334,3511,0,0,0,0,0,0,0,0
Churchill - Yamanto,310031285,-27.64990619193753,152.74237648519494,6817,2391,0,0,0,0,0,0,0,0
Ipswich - Central,310031286,-27.617060097893575,152.7546498550508,6715,2501,0,0,0,0,0,0,0,0
Ipswich - East,310031287,-27.61175756564668,152.78398352110648,17975,7210,0,0,0,0,0,0,0,0
Ipswich - North,310031288,-27.546440868544376,152.7354783571663,4561,1537,85,70,86,46,155,287,97,52
Karalee - Barellan Point,310031289,-27.562977193159885,152.82892859125155,6694,2163,9,0,0,0,9,9,3,3
Karana Downs,310031290,-27.519636903769985,152.7932308385943,6032,2054,359,333,415,217,692,1324,451,236
Leichhardt - One Mile,310031291,-27.60554143856116,152.71621591398574,8268,3037,0,0,0,0,0,0,0,0
North Ipswich - Tivoli,310031292,-27.59062463388337,152.7727164071993,6416,2532,0,0,0,0,0,0,0,0
Raceview,310031293,-27.64371925906095,152.7727641093407,15154,5464,0,0,0,0,0,0,0,0
Ripley,310031294,-27.699498301051253,152.81487880830298,12774,4331,0,0,0,0,0,0,0,0
Riverview,310031295,-27.5914399829584,152.84162614664396,3067,979,1,0,0,0,1,1,0,0
Camira - Gailes,310041297,-27.63118740472588,152.9197912467608,9249,3188,0,0,0,2,0,2,1,0
Carole Park,310041298,-27.62123586920501,152.92960157868893,8,0,0,0,0,0,0,0,0,0
Collingwood Park - Redbank,310041299,-27.611915271439425,152.86453710694482,11686,3795,6,0,0,0,6,6,2,2
Goodna,310041300,-27.61171432416445,152.89250524416377,10885,3489,1,0,0,0,1,1,0,0
New Chum,310041301,-27.61793989214105,152.8326636383789,3,0,0,0,0,0,0,0,0,0
Redbank Plains,310041302,-27.651290533507037,152.850437879763,24349,7481,0,0,0,0,0,0,0,0
Springfield,310041303,-27.65253430923709,152.91015532309927,7322,2322,0,0,0,0,0,0,0,0
Springfield Lakes,310041304,-27.685352718426675,152.9050350224137,23526,7430,0,0,0,0,0,0,0,0
Augustine Heights - Brookwater,310041565,-27.661493366372863,152.88749240193084,8987,2747,0,0,0,0,0,0,0,0
Bellbird Park,310041566,-27.636726127821586,152.8866351032905,9191,3027,0,0,0,0,0,0,0,0
Beaudesert,311011305,-28.137579527293347,152.91932767503332,14674,5404,0,0,0,0,0,0,0,0
Beenleigh,311021306,-27.71509346031622,153.19356860694745,8425,3298,0,0,0,0,0,0,0,0
Eagleby,311021307,-27.698575102918088,153.21928489240557,13594,5141,0,0,0,0,0,0,0,0
Edens Landing - Holmview,311021308,-27.71052892935287,153.17002667166298,9549,3232,0,0,0,0,0,0,0,0
Mount Warren Park,311021309,-27.731017229987632,153.20544532762625,5736,2131,0,0,0,0,0,0,0,0
Wolffdene - Bahrs Scrub,311021310,-27.759743056215346,153.17530351980048,9016,2989,0,0,0,0,0,0,0,0
Boronia Heights - Park Ridge,311031311,-27.70506076294083,153.0408520450422,19166,6530,0,0,0,0,0,0,0,0
Browns Plains,311031312,-27.66268486307388,153.06266973646837,8161,2573,0,0,0,0,0,0,0,0
Chambers Flat - Logan Reserve,311031313,-27.73673358153106,153.088860954683,8869,2755,0,0,0,0,0,0,0,0
Crestmead,311031314,-27.68758218069503,153.0844475402537,12158,3587,0,0,0,0,0,0,0,0
Greenbank Military Camp,311031315,-27.67142465952133,152.97067516199633,0,0,0,0,0,0,0,0,0,0
Hillcrest,311031316,-27.665154383128797,153.011649402215,8832,2937,0,0,0,0,0,0,0,0
Marsden,311031317,-27.673474648295134,153.0975788704974,15988,4482,0,0,0,0,0,0,0,0
Munruben - Park Ridge South,311031318,-27.737884228334643,153.03477899992717,4428,1365,0,0,0,0,0,0,0,0
Regents Park - Heritage Park,311031319,-27.67961551181776,153.05106820757183,16032,5067,0,0,0,0,0,0,0,0
Logan Village,311041322,-27.772155460546628,153.10835684268045,8608,2614,0,0,0,0,0,0,0,0
Flagstone (East) - Riverbend,311041567,-27.820508979527688,152.96992093463516,6632,1837,0,0,0,0,0,0,0,0
Flagstone (West) - New Beith,311041568,-27.790206336247785,152.8861536301366,10051,2914,0,0,0,0,0,0,0,0
Greenbank - North Maclean,311041569,-27.74467912547448,152.97828883349737,7637,2343,0,0,0,0,0,0,0,0
Jimboomba - Glenlogan,311041570,-27.86690010460131,153.0352177683743,18013,5410,0,0,0,0,0,0,0,0
Yarrabilba,311041571,-27.825218050405415,153.13803456906496,10706,3244,0,0,0,0,0,0,0,0
Bethania - Waterford,311051323,-27.6985579329991,153.14874771192356,12125,4403,0,0,0,0,0,0,0,0
Cornubia - Carbrook,311051324,-27.66870063313645,153.23891033648547,9076,2985,0,0,0,0,0,0,0,0
Loganholme - Tanah Merah,311051325,-27.680158473428197,153.1817712687963,11588,3920,0,0,0,0,0,0,0,0
Loganlea,311051326,-27.670270645846266,153.13878125777114,11776,3752,0,0,0,0,0,0,0,0
Shailer Park,311051327,-27.649758308520585,153.17755724778252,12073,4076,0,0,0,0,0,0,0,0
Waterford West,311051328,-27.692762051874205,153.12551609247845,7815,2626,0,0,0,0,0,0,0,0
Daisy Hill,311061329,-27.63024452870007,153.15784403471912,6897,2384,0,0,0,0,0,0,0,0
Kingston (Qld),311061330,-27.659228343608675,153.1131119027363,10371,3192,0,0,0,0,0,0,0,0
Logan Central,311061331,-27.64725165272769,153.0986670177916,6356,1987,0,0,0,0,0,0,0,0
Rochedale South - Priestdale,311061332,-27.603578970504675,153.148412885722,15394,5365,0,0,0,0,0,0,0,0
Slacks Creek,311061333,-27.64108817918804,153.13366110381688,10408,3529,0,0,0,0,0,0,0,0
Springwood,311061334,-27.620405013133716,153.1383262724394,9842,3604,0,0,0,0,0,0,0,0
Underwood,311061335,-27.60885102030393,153.1113140725727,6809,2145,0,0,0,0,0,0,0,0
Woodridge,311061336,-27.628488417593413,153.10573998509514,12982,4240,0,0,0,0,0,0,0,0
Beachmere - Sandstone Point,313011362,-27.062971886312532,153.06343723341848,16469,6615,0,0,0,0,0,0,0,0
Bribie Island,313011363,-26.98851985087516,153.13571747699248,20612,9553,0,0,0,0,0,0,0,0
Burpengary - East,313021364,-27.12854880868947,153.00219059848584,6658,2028,0,0,0,0,0,0,0,0
Caboolture - South,313021366,-27.102479845178067,152.93553571450002,23625,8247,0,0,0,0,0,0,0,0
Elimbah,313021367,-27.0003605064292,152.9614221921577,4290,1308,0,0,0,0,0,0,0,0
Morayfield - East,313021368,-27.107560799101805,152.9650357315808,11078,3843,0,0,0,0,0,0,0,0
Wamuran,313021369,-27.04248586120285,152.87227691681727,4228,1296,0,0,0,0,0,0,0,0
Caboolture - East,313021572,-27.0663531945718,152.99380488720618,17736,6133,0,0,0,0,0,0,0,0
Caboolture - West,313021573,-27.05696883416673,152.9261879620864,12165,4297,0,0,0,0,0,0,0,0
Kilcoy,313031370,-26.78330129740476,152.38344800576863,5799,2043,0,0,0,0,0,0,0,0
Woodford - D'Aguilar,313031371,-26.95076212035469,152.76308647069644,9100,2643,0,0,0,0,0,0,0,0
Burpengary,313041372,-27.1584615141115,152.9582599618829,16488,5724,0,0,0,0,0,0,0,0
Deception Bay,313041373,-27.178278758523,153.00980133973198,22686,8480,0,0,0,0,0,0,0,0
Morayfield,313041374,-27.14314771690342,152.9215844861088,5867,1922,0,0,0,0,0,0,0,0
Narangba,313041375,-27.18556727141421,152.9238072640109,20914,6450,0,0,0,0,0,0,0,0
Upper Caboolture,313041376,-27.12282731736211,152.86704536470418,3260,1035,0,0,0,0,0,0,0,0
Clontarf,313051377,-27.247058244274463,153.08218000986938,8415,3379,0,0,0,0,0,0,0,0
Margate - Woody Point,313051378,-27.247966057768178,153.10271174253427,11974,5341,0,0,0,0,0,0,0,0
Redcliffe,313051379,-27.226908530398827,153.10737606764337,10434,4834,0,0,0,0,0,0,0,0
Rothwell - Kippa-Ring,313051380,-27.21606687049765,153.06473601025053,17385,6541,0,0,0,0,0,0,0,0
Moreton Island,313051574,-27.151224589311003,153.40629502766322,309,62,0,0,0,0,0,0,0,0
Scarborough - Newport,313051575,-27.20748793854161,153.09775361125415,15257,6175,0,0,0,0,0,0,0,0
Albany Creek,314011382,-27.354405517347463,152.96899339716262,16410,5778,10,0,0,0,10,10,4,4
Cashmere,314011383,-27.29833726650129,152.92128113525408,19643,6362,0,0,0,0,0,0,0,0
Dayboro,314011384,-27.218851426816588,152.81344165612427,9213,2926,0,0,0,0,0,0,0,0
Eatons Hill,314011385,-27.339978236813707,152.93699162404548,7822,2478,0,0,0,0,0,0,0,0
The Hills District,314011386,-27.381114091111414,152.9413272872727,24313,8602,4,0,0,0,4,4,1,1
Samford Valley,314011387,-27.3572323666002,152.83800745842953,12385,3993,0,0,0,0,0,0,0,0
Murrumba Downs - Griffin,314021389,-27.27032540527426,153.03137044546037,23089,8069,1,0,0,0,1,1,0,0
Dakabin,314021576,-27.22269188589997,152.9852173311245,5275,1910,0,0,0,0,0,0,0,0
Kallangur,314021577,-27.247900448826552,152.9923795579992,21749,8099,0,0,0,0,0,0,0,0
Mango Hill,314021578,-27.24230560819244,153.04559204449026,14921,4760,0,0,0,0,0,0,0,0
North Lakes,314021579,-27.22203686775712,153.01402951687135,23030,7657,0,0,0,0,0,0,0,0
Bray Park,314031391,-27.29242094080513,152.9677551654848,10271,3496,0,0,0,0,0,0,0,0
Lawnton,314031392,-27.2810490187717,152.98230872661662,7095,2705,0,0,0,0,0,0,0,0
Petrie,314031393,-27.26486631716541,152.97250353160433,8735,3149,0,0,0,0,0,0,0,0
Strathpine - Brendale,314031394,-27.3143703024996,152.9832687041137,13747,5208,5,0,0,0,5,5,2,2
